{"episodes": 785, "total_rewards": [31.805650861384166, -291.4501004893586, 186.7664841982713, -115.65591182779268, 31.808932809297403, 2.621589006133938, 26.19295970307143, -151.57012676734817, -101.56572304086717, 217.58478946527055, 89.49327501132477, 7.467544100714658, 163.85388461307906, 159.21141748651553, 190.7314540076552, 32.07091179799532, -184.5684707758191, -2.5941835001538154, 82.25211329832072, 92.2514021239404, -94.0781985767543, -70.94210165082414, -128.68523321164434, -74.25965302468563, 116.86799418312225, 22.796030345711287, -48.608659208144395, 71.15857082959798, -11.924444035819803, 89.82508958548189, -16.080059249265922, -10.51917002126318, 89.46364775595384, 177.9345730389091, 54.60981399859605, -96.926583719959, 55.207193064356005, -34.9645783464049, 40.107742021353076, -75.94153453947135, 16.374648900525546, 60.70583848817584, 91.92131639995822, -102.79624655288971, -39.120082771452665, -59.840990028820826, 60.26877896425604, 62.26886207051121, 184.31404850152134, 17.54373554825254, 59.83998136550993, -25.79616728620414, -185.4516004074939, 70.51919973944358, -196.03190678555777, 95.62107444058725, 24.215542932396513, -22.982449021317265, -8.443062873014995, 44.976116383746685, 163.55788915785993, -76.03470302766199, -14.944388088170715, -45.32336094981395, 42.34338294788266, -131.1925707990743, 136.00268899502282, 50.46897402164573, -11.121162612037647, 5.7838726930493145, 84.42092436594568, 13.180536717308076, 13.593372418361358, 46.805667356851274, -7.913102196418318, 177.62623647406355, 53.21849684475015, -45.67201847091638, 33.05689446565444, -10.392600013042633, -16.690034356414074, 61.82033308553124, 37.113283051246555, -35.74784866684718, 6.47149392953304, -12.191400325389086, 35.640898328408056, 37.763706187622205, 117.43607405058427, 87.3840636368898, 1.580616643485392, -226.2120437191262, -122.7571537056839, -6.026628824792329, 59.69318581714176, 14.552221862073395, -33.26940979673747, 136.7927396982711, 9.461924158487069, -52.36900809627466, 71.5970955834622, -41.856778640861194, 171.51734765925048, -12.602028768861725, 53.896628542724585, 80.68542454574504, -25.484968275291095, 265.79696827368673, -14.341079923280784, -120.10604300128564, 52.816715729241466, 63.1374509508288, 162.51917273033115, -27.202745225304763, 92.6342861126419, -33.52209876741919, 198.63263954893253, -12.312479943878301, 42.9399885535574, 111.0516071144037, -71.36424171512172, -46.85758921412125, -45.0324730205759, 3.9083337720821874, 27.718356501921576, 156.2137932920021, 58.2040586157547, 133.97149816510904, 102.33546346182901, -33.09488637553122, -30.76058808286963, 178.89628521318062, 11.168157218704458, 79.43756523605967, 161.0497818898704, 116.25427106865665, 158.97996281963606, 98.65622974769778, 117.8246779296507, -139.39248419369306, 60.80510388897168, 48.70448543614466, 25.36485563311154, 116.2867512449184, 98.2640639188834, 3.0989467650209193, -161.35283894757697, -81.3149491698476, 256.0555336700897, 133.56188997777517, 3.237971438856821, -56.68937163671357, -51.744846501431184, 127.59276681008933, 102.60538636284305, 89.30527051207258, 15.64724512648662, 68.49429107943392, 61.54623732883873, 198.04819456148468, 81.4264155335882, -3.0309472758971294, 204.9960842684917, -80.85356011354285, -8.047593704628932, -53.28560840255992, -11.010231248299222, 36.661853331946084, 106.45980479169067, -35.25579545564675, 233.16076685259958, -30.901163142197866, 62.108391039872046, 148.2703172272357, 48.704485436144665, 223.78321251376417, 42.99870834820027, 71.99377512296088, -14.747726152228712, 209.7750721291355, 98.33662244154037, -140.37927890017946, -71.3149491698476, 106.52912718457567, 109.43425119457653, 199.14488764002016, 179.34244992513027, 55.839325477996546, 136.24247746341337, 19.073047141873605, 89.87102674766628, -3.3852478793136402, -59.75842221928647, -40.15326448163389, -11.010231248299222, 126.07650517760389, 219.94046760428293, 100.94800922462012, 218.50012515346532, 167.02633068457257, 96.69630528633989, -1.351073543547706, 261.38358900548843, -60.76380888300051, 118.5288774539169, 136.9036238886929, 119.87972587530125, -13.715923633652118, 239.13915935673887, 167.8905779234681, 63.50541466312043, 102.07258740590234, 70.64909172299315, 258.15669861810875, 235.50401079527708, 62.50082026090206, 150.05742802827535, 82.52659576724017, 237.77753431765373, 252.25777801473257, 219.79862766879083, 252.02017481174389, 250.3925875247334, 127.02949985705364, 100.04566023387184, 108.96955411671597, 64.51914900199819, 210.85643179515657, 203.83057074771335, 255.85139840521717, 193.5808968486362, 87.99618633566871, 77.62163062306733, 120.28514459976385, 258.18750064998164, 183.26228503830882, 82.36943210944219, 214.1739192765523, 38.96116103684808, 113.6689870847536, 101.00689322710652, 148.8842223066995, 120.58850144626801, 161.30371560375767, 103.80659524220331, 32.13215613556183, 135.52710788464097, 114.52497520106313, 97.25246501281168, 276.1765340198905, 117.22258990904423, 271.05692599316177, 139.247697750317, 133.73125532900556, 53.16287982769619, 143.9061791698005, 118.35036978562503, 276.4402866384217, 235.73856497332966, 245.53738114276186, 224.95638595104052, 230.0224308758959, 191.7409827474282, 251.0728278237219, 216.8300789905293, 107.17922462218277, 218.6008739140273, 249.88845153064617, 178.45010507243992, 244.68204753078683, 274.417826082573, 213.61704049038374, 97.45763044873121, 109.81661552694301, 113.25350879959409, 180.59658343728665, 207.0938354308722, 45.912687782256924, 251.69761102552232, 135.75893891578244, 247.09736381582294, 220.42748325102542, 177.8686026486579, 181.78208835790846, 255.98705569877143, 131.6267889324232, 208.67372932964443, 216.558756213512, 257.258449138399, 256.1358743322262, 159.69108656318647, 256.31145412337, 19.691636242868515, 224.39304746434894, 163.67426949399666, 236.96443034259113, 199.15544813786272, 94.98383975713803, 307.51241502876127, 150.0096243374218, 138.25176902910883, 56.85424501949927, 220.06909498176245, 171.58159592898997, 150.51105429347476, 293.0914763256545, 109.81661552694301, 122.51226412745592, 279.0181938903607, 103.19491639474263, 137.90954891944705, 34.30512742992812, 138.25176902910883, 113.33241160693059, 167.20815774730644, 121.2736018414593, 207.33315217512373, 121.23222180237346, 180.59658343728665, 205.38857965254502, 305.72153531301274, 127.84757953248025, 76.84555983290848, 120.58760568260449, 126.94740419778613, 181.29507994616557, 90.13470315792577, 154.92259501337233, 121.88611620295318, 114.08895322390268, 272.12776499816334, 138.25176902910883, 105.94261732443626, -102.8714840749282, 306.59901392189136, 96.0687587847914, 106.12277877306782, 103.46491365515793, 129.22839658271863, 80.70982431004471, 221.47852905365465, 183.0911183254539, 119.63817615606972, 249.3330187334785, 241.29814020756996, 257.14945309507584, 201.3108347762204, 187.82571901863253, 256.973873303932, 242.98340167512717, 250.5225473248157, 247.4313170298001, 192.14359564624493, 256.973873303932, 223.63907865298685, 247.19397538131594, 237.3227214977268, 256.1358743322262, 248.33402199370116, 74.44674391059311, 258.4724245607641, 141.65228448634497, 148.4095557539587, 213.22278107410173, 141.65228448634497, 141.65228448634497, 75.6188584739383, 152.09428545376326, 267.58801610721775, 187.5712565804386, 305.72153531301274, 129.30128179997305, 87.0256417352077, 155.78627121557608, 255.89099573291054, 112.50447844144897, 267.58801610721775, 268.1377578175549, 122.12102581156277, 46.48013355973829, 195.64662997925709, 159.07332946641438, 214.02235328352108, 248.66471382390282, 227.28515910028958, 241.59266556321117, 306.2594121375136, 122.56667053370417, 174.42422186583357, 246.5345463650889, 177.30349453311734, 112.55013133638752, 267.58801610721775, 33.69558751627014, 305.89711510415657, 257.8894872723894, 137.565772870254, 267.58801610721775, 266.42233416917276, 305.89711510415657, 93.53820596723203, 265.2739447066918, 130.4322254413047, 190.29535716135248, 